student_id,gender,budget_min_egp,budget_max_egp,preferred_distance_km,preferred_room_type,needs_wifi,needs_kitchen,needs_laundry,needs_ac,needs_gym
S0001,Female,2214,2661,1.8,Double,True,True,True,True,False
S0002,Female,2253,2975,2.5,Shared,True,True,True,False,False
S0003,Female,2480,3006,2.0,Single,True,True,True,False,False
S0004,Male,2490,3101,2.1,Shared,True,True,False,True,False
S0005,Male,2145,2929,0.7,Single,True,False,True,True,False
S0006,Female,1699,2232,1.6,Double,True,True,False,True,True
S0007,Female,1896,2674,2.1,Double,True,True,True,False,False
S0008,Female,1504,2032,1.6,Double,True,False,True,False,False
S0009,Male,2371,2867,1.0,Double,True,False,False,False,False
S0010,Male,2214,3007,0.6,Shared,False,True,True,False,True
S0011,Female,1231,1900,0.8,Shared,False,True,False,True,False
S0012,Female,1364,2100,1.2,Shared,True,True,True,False,False
S0013,Male,2464,2799,1.0,Shared,True,False,False,False,True
S0014,Male,2108,2493,1.9,Single,True,False,True,True,True
S0015,Female,2359,3008,2.1,Single,True,False,True,False,False
S0016,Male,1675,2211,1.8,Double,True,True,False,False,False
S0017,Male,1351,1877,2.4,Shared,True,False,False,False,False
S0018,Female,2189,2543,1.0,Shared,True,True,False,True,False
S0019,Female,1762,2066,1.6,Shared,True,False,False,False,False
S0020,Female,1671,2281,2.1,Single,True,False,False,False,False
S0021,Male,2486,2835,2.3,Shared,True,False,True,True,True
S0022,Female,1869,2551,1.3,Single,True,True,False,False,False
S0023,Male,1726,2493,2.1,Double,False,True,False,False,False
S0024,Male,1488,2174,2.4,Shared,True,False,False,False,False
S0025,Female,1228,1663,1.6,Double,True,False,True,True,False
S0026,Female,1421,2066,1.0,Single,True,False,True,False,False
S0027,Female,1818,2450,1.3,Single,True,True,False,True,False
S0028,Male,1995,2527,1.2,Shared,True,True,False,False,False
S0029,Male,2202,2817,1.3,Double,True,True,True,False,False
S0030,Male,1952,2530,2.3,Shared,True,True,True,True,False
S0031,Female,1387,2026,0.9,Shared,True,True,False,True,True
S0032,Male,1340,2064,2.0,Single,True,False,True,False,False
S0033,Male,1767,2506,2.5,Single,True,False,True,False,True
S0034,Female,1687,2288,1.1,Single,True,True,True,True,True
S0035,Female,1941,2503,1.7,Double,True,False,True,False,False
S0036,Female,2138,2767,2.4,Single,False,False,True,True,False
S0037,Female,1350,2110,0.7,Shared,True,True,False,False,False
S0038,Female,2423,2994,1.1,Shared,True,True,False,False,False
S0039,Male,2080,2611,2.3,Double,True,True,True,True,False
S0040,Female,1966,2754,0.8,Double,True,False,True,True,False
S0041,Male,2339,2669,1.7,Shared,True,False,True,False,False
S0042,Female,1305,2100,1.1,Double,True,True,True,False,False
S0043,Male,1917,2649,1.6,Single,True,True,False,False,False
S0044,Male,2447,3222,1.8,Shared,True,True,False,True,False
S0045,Male,1571,2316,0.8,Shared,True,True,False,True,False
S0046,Male,1970,2484,1.4,Single,True,False,False,False,True
S0047,Male,1518,1898,2.0,Single,True,True,False,False,False
S0048,Female,1641,2327,1.5,Double,True,True,False,False,False
S0049,Male,1651,2153,2.5,Single,True,True,True,True,False
S0050,Female,1445,1748,1.5,Double,True,True,False,False,False
S0051,Female,1347,1850,2.2,Single,True,True,True,True,False
S0052,Female,2055,2503,0.7,Single,False,True,False,False,False
S0053,Female,1380,1903,2.2,Single,True,True,True,False,False
S0054,Male,1882,2580,0.8,Shared,True,True,True,False,False
S0055,Male,1683,2035,0.8,Single,True,True,False,True,False
S0056,Female,2150,2836,1.6,Shared,True,False,False,False,False
S0057,Female,1509,2034,0.6,Double,True,False,False,True,True
S0058,Female,2125,2444,0.6,Double,True,False,False,False,False
S0059,Female,2388,2971,2.4,Shared,True,True,False,False,False
S0060,Female,2226,2603,2.4,Double,True,False,True,False,False
S0061,Male,1280,1706,1.9,Double,True,False,True,False,False
S0062,Female,2424,2750,2.1,Shared,True,True,False,True,False
S0063,Male,1882,2223,1.7,Single,True,True,False,False,True
S0064,Male,1834,2420,1.3,Double,True,False,False,False,False
S0065,Male,2067,2627,1.2,Double,True,False,True,False,True
S0066,Male,1517,1856,1.1,Single,True,True,False,False,False
S0067,Male,2423,2915,0.8,Single,True,False,False,True,False
S0068,Female,1946,2592,1.9,Double,True,False,False,True,False
S0069,Female,1597,2085,1.9,Shared,False,True,True,True,False
S0070,Male,1608,2318,1.7,Double,True,True,True,False,False
S0071,Male,1783,2125,2.0,Double,True,True,False,True,False
S0072,Female,1915,2691,0.6,Single,True,True,True,True,False
S0073,Female,1402,2131,1.9,Double,True,True,True,False,False
S0074,Male,2160,2689,1.7,Single,True,True,True,False,False
S0075,Female,1427,2124,1.1,Double,True,True,False,False,True
S0076,Female,2422,2996,0.5,Shared,True,False,True,True,False
S0077,Female,1583,2223,1.8,Shared,False,True,True,False,False
S0078,Male,1999,2746,1.4,Shared,True,True,False,True,True
S0079,Male,2486,2839,2.0,Shared,True,True,True,True,False
S0080,Female,2180,2803,0.9,Single,True,False,True,True,True
S0081,Male,1285,1746,2.4,Shared,True,False,True,True,False
S0082,Female,1931,2672,2.1,Shared,True,True,True,False,False
S0083,Female,1894,2692,0.9,Shared,True,False,True,False,False
S0084,Male,2081,2689,2.5,Single,True,True,True,False,False
S0085,Female,1541,2194,1.4,Double,True,False,True,False,False
S0086,Male,1353,1996,1.8,Double,True,False,True,True,False
S0087,Female,1271,1635,0.6,Shared,True,True,False,False,False
S0088,Female,1961,2488,2.0,Shared,True,True,True,True,False
S0089,Male,1581,2136,1.5,Shared,True,False,False,True,False
S0090,Female,1609,1971,0.8,Single,True,False,True,True,False
S0091,Female,1911,2574,0.6,Shared,True,True,True,False,False
S0092,Male,1940,2500,0.9,Single,True,True,True,True,False
S0093,Female,2329,2695,1.7,Single,True,True,False,False,False
S0094,Female,2377,2714,0.8,Double,True,True,False,True,False
S0095,Male,1464,1985,1.5,Single,True,True,True,True,False
S0096,Male,1908,2693,2.4,Double,True,True,False,False,True
S0097,Female,2458,3031,0.7,Shared,True,False,True,False,False
S0098,Female,2354,2675,2.2,Single,True,False,False,True,False
S0099,Female,2465,3092,0.6,Shared,True,False,True,True,False
S0100,Female,1809,2341,0.6,Single,True,True,True,True,True
S0101,Female,1907,2706,1.3,Double,True,True,True,True,False
S0102,Male,1398,1723,1.1,Double,True,True,False,False,False
S0103,Female,1588,2278,0.8,Shared,True,False,True,True,False
S0104,Female,1693,2103,1.7,Single,True,True,False,False,False
S0105,Male,1420,1940,0.8,Double,True,False,True,False,False
S0106,Male,1942,2525,1.1,Double,True,False,True,False,False
S0107,Male,1463,2262,0.7,Double,True,True,False,False,True
S0108,Female,2224,2544,0.6,Single,True,False,True,True,False
S0109,Male,1871,2647,1.7,Single,True,False,False,False,False
S0110,Female,2352,2805,1.4,Single,True,False,False,False,False
S0111,Male,2422,2964,1.0,Shared,True,False,False,False,False
S0112,Male,2273,2895,1.9,Double,True,False,True,False,True
S0113,Male,2103,2563,1.3,Double,True,True,False,False,False
S0114,Male,1482,2047,0.9,Double,False,True,True,False,False
S0115,Female,2318,2799,1.9,Shared,True,False,True,False,False
S0116,Female,2342,2794,0.9,Double,True,False,False,False,False
S0117,Female,1789,2151,1.6,Shared,True,False,False,False,False
S0118,Female,1286,1733,2.4,Single,True,True,True,False,False
S0119,Female,2351,3007,1.0,Single,True,True,True,False,False
S0120,Male,1307,1658,1.3,Shared,True,False,True,False,False
S0121,Male,2033,2667,2.4,Double,True,True,False,True,False
S0122,Male,2375,2793,1.6,Shared,True,True,False,False,False
S0123,Male,2013,2716,1.5,Shared,False,False,False,True,False
S0124,Male,1886,2331,1.4,Shared,True,True,False,False,False
S0125,Male,1430,1899,0.8,Double,True,False,True,True,False
S0126,Male,1559,2171,2.2,Double,True,True,True,False,True
S0127,Male,2177,2642,2.4,Single,True,True,False,False,False
S0128,Male,1735,2369,1.2,Single,True,True,True,False,False
S0129,Female,1440,2067,2.3,Double,True,True,False,False,False
S0130,Female,2051,2710,1.6,Double,True,False,False,False,False
S0131,Male,2276,2804,1.6,Double,True,True,True,False,False
S0132,Male,1536,2003,2.2,Double,True,True,False,True,False
S0133,Male,2128,2495,1.5,Double,True,True,False,True,True
S0134,Female,1206,1887,0.9,Single,True,True,True,False,False
S0135,Male,2166,2482,1.1,Single,True,False,False,False,False
S0136,Female,2118,2863,2.3,Double,True,False,False,False,False
S0137,Female,1442,1833,2.5,Double,True,False,True,True,True
S0138,Female,2148,2792,1.9,Double,True,False,True,True,False
S0139,Male,1265,1979,1.8,Shared,True,False,True,True,True
S0140,Male,2114,2720,1.8,Single,True,True,True,False,False
S0141,Male,1486,2043,2.5,Single,True,False,True,False,False
S0142,Female,1685,2139,2.3,Shared,True,True,True,False,False
S0143,Male,2482,3129,1.4,Double,True,True,False,True,False
S0144,Female,2036,2412,1.1,Single,True,True,False,True,False
S0145,Female,1318,1905,1.3,Double,True,True,True,True,False
S0146,Female,1959,2306,1.6,Single,True,True,False,True,True
S0147,Male,2181,2587,2.2,Double,True,False,True,True,False
S0148,Female,1696,2352,1.7,Single,True,True,True,True,False
S0149,Female,1831,2264,1.2,Double,True,False,False,False,False
S0150,Male,1959,2419,1.3,Shared,True,False,True,False,False
S0151,Female,1804,2182,0.9,Single,True,False,True,False,False
S0152,Female,2200,2994,1.9,Shared,True,True,False,True,False
S0153,Female,1576,2345,2.3,Shared,False,True,False,True,False
S0154,Male,1213,1724,0.8,Shared,True,False,True,False,False
S0155,Female,2199,2507,0.5,Shared,True,True,False,False,False
S0156,Female,1567,1921,2.3,Shared,True,True,True,False,False
S0157,Female,1361,1852,2.4,Double,True,False,True,False,False
S0158,Male,1391,1898,1.3,Shared,True,False,False,True,False
S0159,Female,2358,3158,2.2,Single,True,False,True,False,False
S0160,Female,1755,2078,2.3,Shared,True,False,False,True,False
S0161,Female,1232,2024,0.9,Single,True,False,True,True,True
S0162,Male,2360,3087,2.2,Shared,True,True,False,True,False
S0163,Male,2225,2906,2.4,Single,True,True,True,False,False
S0164,Female,1868,2183,1.8,Double,True,True,False,False,False
S0165,Female,1375,2070,1.7,Single,True,True,True,False,False
S0166,Female,1848,2332,0.7,Single,True,True,False,True,True
S0167,Female,2119,2704,1.6,Double,True,True,False,False,False
S0168,Female,1225,1674,1.3,Single,True,True,False,True,False
S0169,Female,1547,1918,1.0,Double,True,True,True,False,False
S0170,Male,1939,2367,2.4,Shared,True,True,True,True,False
S0171,Female,1880,2610,1.7,Double,True,True,False,False,False
S0172,Female,1856,2464,2.4,Single,True,True,True,True,False
S0173,Female,2379,3079,1.0,Double,True,False,True,False,True
S0174,Male,2326,2639,2.4,Double,True,True,False,False,True
S0175,Female,2222,2593,1.8,Single,True,True,True,True,False
S0176,Female,2392,2897,1.6,Shared,True,True,False,False,False
S0177,Male,1423,2116,1.0,Shared,True,False,True,False,False
S0178,Female,1879,2673,2.1,Single,True,True,True,False,False
S0179,Male,2112,2603,1.3,Shared,True,True,True,True,True
S0180,Female,1375,1734,2.2,Shared,True,True,True,True,False
S0181,Female,1399,1923,1.9,Double,True,True,False,True,False
S0182,Male,1536,2312,2.5,Single,True,True,True,False,False
S0183,Female,2489,2883,0.9,Shared,True,True,False,True,False
S0184,Female,1209,1869,0.9,Double,True,False,True,True,False
S0185,Male,1949,2415,0.9,Single,True,False,True,False,False
S0186,Female,2402,2760,1.2,Double,True,False,False,True,False
S0187,Male,1474,1934,0.7,Double,True,True,True,True,False
S0188,Female,2066,2461,1.5,Shared,True,False,False,False,False
S0189,Male,1583,2044,2.2,Shared,True,True,True,True,False
S0190,Female,2037,2687,1.5,Shared,True,True,True,True,False
S0191,Female,1266,1706,0.9,Double,True,True,False,False,False
S0192,Male,2372,2730,1.0,Shared,True,True,False,True,False
S0193,Male,2070,2422,2.0,Shared,True,True,False,False,False
S0194,Male,2099,2842,2.5,Single,True,False,False,False,False
S0195,Female,1539,2154,0.8,Single,True,False,False,False,False
S0196,Male,1862,2522,1.1,Shared,True,False,False,False,True
S0197,Female,1321,1762,2.2,Single,True,True,True,True,False
S0198,Female,2202,2574,1.7,Double,True,True,True,False,False
S0199,Female,2255,2938,1.1,Double,True,True,False,False,False
S0200,Male,2138,2763,1.8,Double,True,False,True,False,False
S0201,Female,1749,2214,2.2,Double,True,True,False,False,False
S0202,Male,1294,1644,1.8,Double,True,False,True,False,False
S0203,Female,1614,2266,2.3,Shared,True,False,False,True,False
S0204,Male,1961,2601,2.3,Single,True,False,False,False,False
S0205,Male,1394,1694,0.9,Single,True,True,False,True,False
S0206,Male,2064,2719,0.8,Single,True,True,False,True,False
S0207,Female,1480,1975,2.0,Single,True,False,True,False,False
S0208,Male,2101,2580,1.9,Shared,True,False,False,False,False
S0209,Male,1486,2171,0.7,Shared,True,False,True,True,False
S0210,Male,1708,2291,1.7,Shared,True,False,False,False,False
S0211,Female,1620,2185,1.7,Single,True,True,True,False,False
S0212,Female,1990,2347,1.0,Shared,True,True,False,False,False
S0213,Male,1992,2732,2.2,Double,True,False,False,False,False
S0214,Male,2402,2736,0.5,Single,True,True,False,False,False
S0215,Female,2067,2726,1.3,Shared,True,False,True,True,False
S0216,Male,1518,2092,1.2,Shared,True,False,False,True,False
S0217,Male,1318,1743,0.7,Double,True,False,True,False,False
S0218,Male,1444,1750,1.9,Shared,True,True,True,False,False
S0219,Female,1541,2031,0.8,Double,True,True,False,True,False
S0220,Male,1738,2402,2.5,Shared,True,True,True,False,False
S0221,Female,1522,1952,2.0,Shared,True,True,False,True,False
S0222,Male,1700,2023,1.4,Double,True,True,False,True,False
S0223,Female,1659,2123,1.0,Shared,True,False,False,True,False
S0224,Male,1567,1981,2.1,Single,False,True,True,True,False
S0225,Female,1376,1959,1.4,Double,True,True,True,False,False
S0226,Female,1600,2275,2.3,Single,True,False,True,False,False
S0227,Male,1886,2186,2.0,Double,True,False,True,False,False
S0228,Female,1322,2119,2.5,Shared,True,True,True,False,False
S0229,Female,2138,2936,2.0,Shared,True,True,False,True,False
S0230,Female,1467,1888,1.1,Double,True,True,False,True,False
S0231,Male,1352,2135,0.9,Shared,True,True,True,True,True
S0232,Female,1625,2156,1.1,Double,True,True,False,True,False
S0233,Male,1640,2367,2.2,Single,True,True,True,False,False
S0234,Female,1556,1871,2.4,Double,True,True,True,True,False
S0235,Male,1224,1555,2.2,Single,True,False,True,False,False
S0236,Female,1353,1664,2.5,Single,True,True,True,False,False
S0237,Female,1450,1771,2.4,Single,True,True,False,True,True
S0238,Female,1553,2034,0.9,Single,True,True,True,False,False
S0239,Female,2221,2731,2.3,Double,True,True,True,True,False
S0240,Male,2491,3201,1.6,Single,False,False,True,False,False
S0241,Female,1995,2433,0.9,Double,True,True,False,True,False
S0242,Female,2284,2767,2.0,Single,False,True,False,True,False
S0243,Male,1649,2243,2.2,Double,True,False,False,True,False
S0244,Female,2411,2725,1.9,Double,True,True,False,True,False
S0245,Female,2310,2768,0.9,Single,True,True,True,False,True
S0246,Male,1467,1941,1.9,Double,True,True,False,True,True
S0247,Female,1348,1839,1.9,Shared,True,True,True,True,True
S0248,Female,2197,2829,1.1,Shared,False,False,False,False,False
S0249,Male,1974,2431,2.0,Double,True,False,False,False,False
S0250,Male,1572,2180,1.1,Shared,True,True,False,True,False
S0251,Male,1910,2373,0.8,Single,True,False,False,True,True
S0252,Male,1711,2365,0.6,Double,True,False,True,False,False
S0253,Male,2047,2599,2.3,Double,True,True,True,False,False
S0254,Male,1533,2064,0.6,Single,True,True,False,True,True
S0255,Female,1529,2203,0.7,Single,True,False,False,False,False
S0256,Male,2443,3198,1.4,Single,True,True,True,False,False
S0257,Female,1776,2228,1.0,Single,True,True,True,True,True
S0258,Male,1803,2524,1.8,Shared,True,True,True,False,False
S0259,Female,1436,1893,2.1,Double,True,False,True,False,True
S0260,Female,1956,2351,1.4,Double,True,True,False,False,True
S0261,Male,1375,2017,1.2,Shared,True,False,True,True,False
S0262,Female,2296,2947,2.2,Double,True,True,True,True,False
S0263,Male,2228,2820,2.3,Shared,True,False,True,False,True
S0264,Male,1633,2346,0.9,Single,True,False,True,False,False
S0265,Female,1854,2620,2.0,Single,True,True,False,False,False
S0266,Male,2476,3076,1.5,Double,True,True,False,False,False
S0267,Male,1416,2004,2.1,Double,True,False,False,True,False
S0268,Female,1276,1664,1.1,Single,True,False,True,True,False
S0269,Male,1300,1981,1.5,Double,True,True,False,True,False
S0270,Female,1401,2198,2.2,Single,True,False,False,True,False
S0271,Male,1584,2110,0.9,Double,True,False,False,False,False
S0272,Male,1334,1793,1.9,Double,True,False,False,True,True
S0273,Male,1318,1745,0.6,Single,True,False,True,False,False
S0274,Male,1262,1685,1.2,Shared,True,False,True,False,False
S0275,Female,1385,1830,0.6,Single,True,True,False,False,False
S0276,Male,1751,2384,1.3,Single,True,False,False,False,True
S0277,Male,2431,3141,0.5,Double,True,False,False,False,False
S0278,Female,1914,2449,1.0,Double,True,True,False,False,True
S0279,Female,2349,2980,1.7,Double,True,True,True,False,False
S0280,Female,1734,2369,1.9,Shared,True,True,False,False,False
S0281,Female,1854,2502,0.8,Single,True,False,True,False,False
S0282,Male,2394,3056,2.5,Single,True,False,False,False,False
S0283,Female,2238,2691,2.2,Shared,True,True,True,True,False
S0284,Male,1887,2522,0.7,Double,True,False,True,False,False
S0285,Female,2149,2884,0.7,Single,True,True,False,True,False
S0286,Male,1981,2552,1.1,Single,True,True,False,True,False
S0287,Female,1493,1954,2.2,Single,True,True,False,True,False
S0288,Male,2125,2565,0.9,Single,True,True,False,False,True
S0289,Female,2497,3016,1.3,Double,True,True,True,True,True
S0290,Female,2287,2684,0.5,Single,True,True,False,True,True
S0291,Female,2230,2831,1.1,Single,True,True,True,False,False
S0292,Female,2088,2842,1.9,Single,True,False,True,True,False
S0293,Female,1239,1655,0.9,Single,True,True,True,True,False
S0294,Male,1968,2716,1.8,Shared,True,True,True,True,False
S0295,Male,1437,1950,1.4,Single,True,True,True,False,False
S0296,Female,2061,2699,0.7,Shared,True,False,True,False,True
S0297,Male,1778,2136,2.1,Double,True,True,True,False,False
S0298,Female,1804,2186,0.6,Double,True,False,True,True,True
S0299,Male,1426,2153,1.6,Double,True,True,True,False,True
S0300,Female,1673,2206,2.5,Double,True,True,False,False,False
S0301,Female,1840,2358,2.0,Single,True,False,True,True,False
S0302,Female,1932,2689,1.4,Shared,True,False,True,True,True
S0303,Female,2134,2573,2.2,Shared,True,False,False,False,True
S0304,Male,1526,1879,1.3,Shared,True,True,True,False,False
S0305,Male,1467,2014,2.3,Single,True,True,True,False,True
S0306,Male,1892,2457,1.5,Shared,True,True,False,False,False
S0307,Female,1504,2233,2.2,Shared,True,False,True,False,False
S0308,Male,1353,2037,1.5,Single,True,True,True,False,False
S0309,Male,1361,1896,1.4,Shared,True,False,True,True,False
S0310,Male,1410,1916,1.3,Shared,True,False,False,False,False
S0311,Male,2134,2920,1.2,Single,True,False,True,False,False
S0312,Female,2126,2484,0.7,Shared,True,True,False,False,False
S0313,Female,1417,1740,2.3,Double,True,False,False,True,False
S0314,Male,1447,2223,2.2,Single,True,False,False,True,False
S0315,Male,2122,2656,1.8,Shared,True,True,True,True,False
S0316,Female,2241,2940,2.3,Single,True,True,False,True,False
S0317,Female,2232,2983,1.3,Shared,True,False,True,False,False
S0318,Female,1473,1843,1.3,Shared,True,True,False,False,False
S0319,Male,1611,2018,1.7,Double,True,False,True,False,False
S0320,Male,2231,2808,1.9,Double,True,False,False,False,False
S0321,Female,2293,2739,2.3,Double,True,True,True,True,False
S0322,Male,1746,2430,2.1,Double,True,True,True,False,False
S0323,Male,1934,2650,1.4,Shared,True,False,False,False,False
S0324,Male,2246,2947,2.1,Shared,True,False,False,True,False
S0325,Female,2330,2657,0.5,Double,True,False,False,False,False
S0326,Female,2405,2984,2.0,Single,True,False,True,True,False
S0327,Male,1555,2231,1.5,Double,True,True,True,True,False
S0328,Male,1876,2414,1.9,Single,True,False,False,False,False
S0329,Female,2204,2908,1.6,Double,True,False,True,False,False
S0330,Male,2051,2629,1.6,Single,True,False,False,True,False
S0331,Female,2349,3070,2.0,Shared,True,False,True,False,False
S0332,Male,1281,1930,2.3,Double,True,False,True,False,False
S0333,Female,2253,2964,1.5,Double,True,False,True,False,False
S0334,Male,2301,2874,0.5,Single,True,False,True,False,False
S0335,Male,2301,3025,1.9,Shared,True,False,False,False,True
S0336,Female,1879,2198,0.7,Single,True,True,True,False,False
S0337,Female,1994,2524,1.8,Double,True,True,True,True,False
S0338,Male,2399,2722,1.9,Single,True,True,True,False,False
S0339,Female,2096,2591,1.3,Shared,True,True,True,False,False
S0340,Female,2498,2871,1.1,Shared,True,False,True,False,True
S0341,Male,1210,1803,1.7,Shared,True,True,True,False,False
S0342,Male,2045,2808,1.8,Shared,True,True,False,True,True
S0343,Male,2324,2860,1.8,Single,True,True,True,False,False
S0344,Female,1931,2296,1.8,Single,True,False,False,True,False
S0345,Female,2396,2774,1.6,Double,True,False,True,True,False
S0346,Female,1766,2496,1.2,Shared,True,False,True,True,False
S0347,Male,1559,2189,1.7,Double,True,True,True,True,False
S0348,Male,1354,2110,0.5,Shared,True,False,False,False,False
S0349,Male,2329,2762,1.6,Shared,True,False,True,True,False
S0350,Female,1474,2011,1.5,Single,True,True,False,False,False
S0351,Male,2252,2623,1.4,Single,True,True,False,True,False
S0352,Female,1282,1694,2.0,Single,True,True,True,True,False
S0353,Female,1994,2534,2.3,Single,True,False,True,False,False
S0354,Female,1739,2335,1.6,Single,True,True,False,False,True
S0355,Female,1970,2768,2.3,Shared,True,False,True,False,False
S0356,Male,2227,2978,0.8,Single,True,True,True,True,True
S0357,Male,1671,2183,2.1,Shared,True,False,True,False,False
S0358,Female,1245,1669,0.6,Shared,True,True,True,False,True
S0359,Male,1728,2500,0.9,Double,True,True,True,False,False
S0360,Female,1375,1785,1.4,Double,True,True,False,False,False
S0361,Male,2476,3113,1.5,Single,True,True,True,False,False
S0362,Female,1470,1825,0.5,Shared,True,True,True,True,True
S0363,Female,2459,3066,0.6,Shared,True,True,True,True,False
S0364,Male,2083,2650,1.3,Single,True,True,False,False,False
S0365,Female,2406,3117,2.0,Shared,True,True,True,False,False
S0366,Male,1780,2386,2.3,Double,True,True,False,True,False
S0367,Male,1968,2603,0.9,Double,True,True,True,False,False
S0368,Female,2356,2843,1.7,Shared,True,True,False,False,True
S0369,Female,1719,2176,1.7,Shared,True,True,False,True,False
S0370,Male,1405,1814,1.5,Double,True,False,False,True,False
S0371,Male,1386,2107,0.8,Shared,True,True,True,True,True
S0372,Female,2020,2634,1.8,Double,True,True,False,False,False
S0373,Female,1221,1624,2.2,Shared,True,True,False,False,False
S0374,Male,1273,1757,1.0,Single,False,True,True,True,False
S0375,Female,2400,2802,1.5,Shared,True,False,True,False,False
S0376,Female,1911,2704,2.1,Single,True,True,False,False,False
S0377,Female,2236,2590,1.6,Shared,True,False,False,False,False
S0378,Female,2106,2900,1.3,Double,True,False,False,False,False
S0379,Male,2187,2546,1.0,Double,True,False,False,True,False
S0380,Female,2257,2831,0.5,Double,True,True,False,False,True
S0381,Male,2175,2635,1.2,Shared,True,False,False,False,False
S0382,Male,1680,2356,1.0,Double,True,True,True,False,True
S0383,Male,1445,2216,0.7,Shared,True,True,False,False,False
S0384,Female,2471,2932,1.5,Shared,True,True,False,False,False
S0385,Male,2381,2746,0.6,Double,True,True,True,True,False
S0386,Male,2136,2935,0.7,Shared,True,False,True,True,False
S0387,Female,1940,2553,2.2,Single,True,True,True,False,False
S0388,Female,2068,2475,1.3,Double,True,True,True,False,False
S0389,Male,1404,2073,1.0,Single,True,False,True,False,False
S0390,Female,1219,1609,1.3,Single,False,False,True,False,False
S0391,Female,1713,2300,2.2,Single,True,False,True,False,False
S0392,Male,2121,2802,1.2,Double,True,True,False,True,False
S0393,Female,2440,2841,1.7,Shared,True,True,False,True,False
S0394,Female,2115,2870,0.7,Shared,True,False,True,True,False
S0395,Female,2063,2686,1.7,Double,True,True,True,True,False
S0396,Female,1747,2356,1.8,Double,True,False,False,False,False
S0397,Female,2047,2432,0.9,Single,True,True,True,False,False
S0398,Male,1541,2044,0.7,Single,True,True,True,False,False
S0399,Male,1412,1846,1.7,Single,True,False,True,True,False
S0400,Male,1468,2037,2.2,Single,True,True,False,False,False
S0401,Female,2323,2850,0.8,Shared,True,True,True,False,False
S0402,Female,2272,2899,1.8,Double,True,True,True,True,False
S0403,Female,1732,2111,1.1,Single,True,False,True,True,False
S0404,Female,2177,2630,0.5,Double,True,True,False,False,True
S0405,Female,2008,2435,0.8,Shared,True,False,True,True,False
S0406,Female,1783,2415,2.0,Double,True,False,True,True,False
S0407,Female,1757,2415,1.7,Single,True,True,False,True,False
S0408,Female,1751,2115,1.9,Shared,True,True,True,True,False
S0409,Female,1960,2497,1.9,Single,True,False,False,True,False
S0410,Male,2312,2852,0.9,Double,True,False,True,False,False
S0411,Female,1706,2383,2.5,Single,True,False,True,False,False
S0412,Female,1861,2242,1.8,Single,True,True,True,False,False
S0413,Female,1306,2048,1.8,Single,True,True,True,False,False
S0414,Female,1697,2001,2.4,Shared,True,True,False,True,True
S0415,Male,2223,2569,1.9,Double,True,False,False,True,False
S0416,Male,1457,2006,1.0,Shared,True,False,False,False,True
S0417,Female,1933,2603,0.8,Single,True,True,True,False,True
S0418,Male,2313,2791,1.1,Double,True,False,False,False,True
S0419,Male,2120,2571,2.1,Shared,True,True,False,True,True
S0420,Male,2469,3207,1.2,Shared,True,False,False,False,False
S0421,Female,2329,2707,1.7,Double,True,True,True,False,True
S0422,Male,1565,2312,0.6,Single,True,True,False,False,False
S0423,Female,1300,1787,0.9,Shared,True,False,True,False,False
S0424,Male,2158,2868,1.8,Double,True,False,True,True,False
S0425,Female,2283,2603,2.0,Double,True,True,True,True,False
S0426,Female,1588,1986,1.6,Single,True,False,False,False,False
S0427,Female,2139,2798,1.8,Single,True,True,True,True,True
S0428,Female,1921,2683,1.1,Double,True,True,False,False,False
S0429,Male,2353,2932,0.9,Shared,True,True,False,False,False
S0430,Male,1782,2387,0.5,Single,False,True,True,True,False
S0431,Male,1765,2535,1.6,Shared,True,True,True,False,True
S0432,Female,1951,2706,1.7,Single,True,True,False,False,False
S0433,Male,1864,2569,1.5,Double,True,False,False,False,False
S0434,Female,1276,1950,2.1,Double,True,True,False,True,False
S0435,Female,1446,2191,2.0,Shared,True,False,True,False,False
S0436,Female,2273,2594,1.1,Shared,True,True,True,True,False
S0437,Female,2112,2797,1.7,Shared,True,True,False,True,False
S0438,Female,2370,3051,0.6,Double,True,True,True,False,False
S0439,Female,2345,2746,1.5,Shared,True,True,False,False,False
S0440,Female,2080,2545,1.9,Shared,True,False,True,True,False
S0441,Male,1824,2210,2.5,Shared,True,False,False,False,False
S0442,Male,1608,2258,1.2,Shared,True,True,True,False,False
S0443,Female,1228,1703,1.9,Single,True,True,True,False,False
S0444,Female,2323,2870,1.7,Single,True,False,True,False,False
S0445,Female,1548,1878,1.1,Shared,True,True,False,True,False
S0446,Female,1937,2679,0.7,Double,True,False,True,True,False
S0447,Male,1846,2394,2.2,Shared,True,True,False,False,False
S0448,Male,1706,2478,1.6,Double,True,False,True,False,False
S0449,Female,1683,2483,2.5,Double,True,False,False,False,False
S0450,Male,2336,3121,1.1,Single,True,True,True,False,False
S0451,Male,2054,2477,1.6,Double,False,False,True,False,False
S0452,Male,2389,2966,1.9,Single,True,True,False,False,True
S0453,Male,2356,3125,0.8,Single,True,False,True,True,False
S0454,Male,1852,2602,2.4,Double,True,False,False,False,False
S0455,Male,1584,1938,0.8,Single,True,False,True,False,False
S0456,Male,1672,2323,0.6,Single,True,True,True,False,False
S0457,Female,1576,2312,1.3,Double,True,True,True,False,True
S0458,Female,2045,2458,2.0,Single,True,True,False,False,False
S0459,Female,1865,2608,1.4,Single,True,False,False,False,False
S0460,Female,2452,3232,2.0,Shared,True,False,False,True,True
S0461,Female,1286,2035,2.5,Shared,True,False,True,True,False
S0462,Male,1588,2037,1.4,Double,True,True,True,True,False
S0463,Male,2149,2873,1.8,Single,True,True,False,False,False
S0464,Male,2005,2516,1.1,Single,True,True,False,True,False
S0465,Female,1863,2517,1.8,Shared,True,False,True,True,False
S0466,Female,1374,1942,1.9,Shared,True,True,False,True,False
S0467,Male,1886,2475,2.2,Single,True,True,False,True,False
S0468,Female,1791,2411,0.9,Single,False,True,False,True,False
S0469,Female,2313,3026,0.5,Double,True,True,True,False,True
S0470,Male,1701,2452,1.6,Shared,True,False,True,True,True
S0471,Female,1275,1649,2.2,Shared,True,False,True,True,True
S0472,Male,1530,2174,1.1,Shared,True,True,False,True,False
S0473,Female,1273,1620,2.0,Double,True,True,True,False,False
S0474,Female,2164,2532,0.7,Double,True,True,True,True,True
S0475,Male,2190,2860,1.9,Shared,True,False,True,False,False
S0476,Female,1465,2079,1.6,Shared,True,True,False,False,False
S0477,Female,1596,1896,0.7,Double,True,True,False,False,False
S0478,Female,1293,1763,1.2,Shared,True,False,False,True,True
S0479,Female,2237,2818,1.1,Single,True,True,True,False,False
S0480,Male,1597,2066,2.2,Shared,True,True,True,True,True
S0481,Female,2299,3057,1.2,Double,True,True,True,False,False
S0482,Male,1626,2221,1.9,Double,True,True,False,True,False
S0483,Male,2369,2979,1.3,Shared,True,False,True,False,False
S0484,Female,2047,2391,1.5,Single,True,False,True,False,True
S0485,Female,1276,1974,0.9,Single,True,True,True,False,True
S0486,Female,2272,2730,2.1,Single,True,True,False,False,False
S0487,Male,1274,1809,1.3,Shared,True,True,True,False,False
S0488,Female,2156,2911,0.6,Shared,True,False,True,False,False
S0489,Male,1857,2259,0.9,Double,True,False,False,True,True
S0490,Male,1231,2021,1.7,Shared,True,True,True,True,False
S0491,Female,2375,2800,0.8,Double,True,True,True,True,False
S0492,Male,1416,1912,0.6,Double,True,False,False,False,False
S0493,Female,2462,2944,1.1,Single,True,False,True,False,False
S0494,Female,2362,2729,0.7,Shared,True,True,False,False,False
S0495,Male,1658,2031,2.2,Shared,True,True,True,False,False
S0496,Female,2128,2677,0.6,Double,True,True,False,True,False
S0497,Male,2240,2592,1.3,Shared,True,True,False,False,False
S0498,Female,2409,2920,1.0,Single,True,False,True,True,False
S0499,Female,2091,2681,2.1,Shared,True,True,False,False,False
S0500,Female,1434,2037,1.7,Double,True,False,True,False,True
S0501,Male,2421,3115,2.1,Double,True,False,True,False,False
S0502,Male,1500,2138,0.8,Shared,True,False,True,True,False
S0503,Female,2367,3073,2.3,Double,True,False,False,False,False
S0504,Male,2452,3013,1.3,Single,True,True,False,False,True
S0505,Female,1424,2164,1.1,Single,True,False,True,True,False
S0506,Female,2091,2670,0.9,Single,True,True,True,False,False
S0507,Male,1790,2536,1.8,Single,True,False,True,False,False
S0508,Male,1373,1743,1.8,Double,True,False,False,False,False
S0509,Female,2243,2760,1.6,Double,True,True,True,True,False
S0510,Male,2227,2664,1.3,Shared,True,True,True,False,False
S0511,Female,1363,1735,2.0,Shared,False,False,False,False,True
S0512,Male,1702,2243,1.8,Shared,False,True,False,False,False
S0513,Male,1903,2476,2.1,Double,True,False,False,True,False
S0514,Female,1792,2177,0.6,Shared,True,False,False,True,False
S0515,Male,2373,2699,1.8,Double,True,False,True,True,False
S0516,Female,1716,2083,1.7,Double,True,True,True,True,False
S0517,Male,2114,2603,2.1,Double,True,True,True,False,True
S0518,Male,1497,2101,2.4,Single,True,False,True,True,False
S0519,Male,1631,2226,2.0,Double,True,True,False,True,False
S0520,Female,1817,2360,2.0,Shared,True,False,True,True,False
S0521,Female,1224,1671,2.4,Double,True,True,True,False,True
S0522,Female,2084,2696,2.3,Double,True,True,True,False,False
S0523,Male,2405,3099,0.9,Double,True,False,True,True,True
S0524,Male,1224,1734,0.7,Single,True,True,False,True,True
S0525,Male,1316,2096,1.7,Single,False,False,False,True,False
S0526,Male,1969,2605,2.0,Shared,True,False,False,False,False
S0527,Female,1355,1982,1.4,Double,True,False,False,False,False
S0528,Male,1767,2464,0.6,Double,True,True,False,True,False
S0529,Female,1610,2222,1.3,Shared,True,True,False,True,False
S0530,Female,1730,2082,0.6,Single,True,True,True,False,True
S0531,Male,1277,1917,1.3,Single,True,False,False,False,False
S0532,Female,2179,2702,1.3,Shared,True,False,True,True,False
S0533,Female,1448,2038,1.6,Double,True,True,True,False,False
S0534,Female,2294,3030,2.4,Single,True,False,True,True,False
S0535,Female,1591,2044,1.9,Single,True,True,True,False,False
S0536,Male,1273,1671,0.6,Shared,True,True,False,False,False
S0537,Female,1233,1551,1.2,Double,True,True,True,False,False
S0538,Female,2298,2674,2.0,Single,True,True,True,False,False
S0539,Male,1697,2356,1.8,Single,True,True,True,False,False
S0540,Male,2410,2742,2.1,Single,True,True,False,True,False
S0541,Female,2023,2489,0.7,Shared,True,True,False,False,False
S0542,Male,1887,2219,0.7,Single,True,True,True,True,False
S0543,Male,1473,1824,2.1,Shared,True,False,True,False,True
S0544,Male,1382,2043,1.8,Double,True,False,False,False,False
S0545,Female,2271,2801,1.3,Single,True,True,True,False,False
S0546,Female,1912,2426,0.5,Single,True,False,False,False,False
S0547,Male,2150,2844,1.8,Single,True,True,False,False,False
S0548,Female,2218,2608,0.8,Single,True,True,True,True,False
S0549,Female,1288,1641,2.0,Shared,True,False,True,True,False
S0550,Female,2413,3009,1.2,Single,True,False,True,True,False
S0551,Male,2044,2789,0.9,Single,True,True,True,False,False
S0552,Female,1564,2062,1.2,Double,True,False,False,True,True
S0553,Male,1774,2143,0.7,Double,True,True,True,False,False
S0554,Male,2383,3179,1.6,Single,True,False,True,False,False
S0555,Female,1771,2078,2.0,Shared,True,True,True,True,False
S0556,Male,2374,3133,0.5,Single,True,True,False,True,False
S0557,Female,1400,1931,1.5,Single,True,True,False,False,True
S0558,Female,1689,2320,2.5,Single,True,True,False,False,False
S0559,Male,2131,2668,2.0,Shared,True,False,True,False,False
S0560,Male,1988,2745,1.9,Shared,True,True,True,False,False
S0561,Male,1365,1982,2.3,Shared,True,True,False,True,True
S0562,Female,1948,2486,1.7,Double,True,False,False,False,False
S0563,Male,1885,2307,1.6,Shared,True,False,False,False,False
S0564,Male,1856,2336,2.3,Shared,True,True,True,True,False
S0565,Male,2162,2825,1.6,Shared,True,True,True,False,False
S0566,Male,1585,2341,2.3,Single,True,False,True,False,True
S0567,Female,1429,2085,0.8,Single,True,True,False,True,False
S0568,Male,2170,2647,1.3,Shared,True,True,True,False,False
S0569,Female,2043,2639,1.2,Shared,True,True,False,False,False
S0570,Female,1822,2412,0.8,Double,True,True,True,False,False
S0571,Male,1503,1983,1.1,Single,True,True,True,True,True
S0572,Male,1530,1951,0.7,Double,True,True,True,True,False
S0573,Female,1904,2279,1.2,Shared,False,True,True,True,False
S0574,Male,2138,2913,1.1,Single,False,True,True,False,False
S0575,Female,2374,3015,0.8,Shared,True,False,True,True,False
S0576,Male,1485,2132,1.6,Double,True,False,True,True,False
S0577,Male,2394,2963,0.9,Double,True,True,False,False,False
S0578,Female,1598,2149,1.1,Shared,True,True,False,True,False
S0579,Female,1957,2454,1.2,Double,True,True,True,False,False
S0580,Female,2051,2762,1.4,Single,True,False,True,False,True
S0581,Male,1494,1900,1.1,Shared,False,True,False,False,True
S0582,Female,1759,2271,0.8,Double,True,False,True,True,False
S0583,Female,1286,2007,2.2,Shared,True,True,True,True,True
S0584,Female,1814,2603,1.8,Shared,True,False,False,False,False
S0585,Male,1258,1619,2.0,Double,False,True,False,False,False
S0586,Female,2486,3137,1.5,Shared,True,True,False,True,False
S0587,Male,1499,1962,1.4,Shared,True,True,True,False,False
S0588,Female,1299,1747,1.1,Shared,True,True,False,True,True
S0589,Male,2313,2778,2.2,Shared,True,True,False,True,False
S0590,Female,1494,1800,0.8,Double,True,True,True,False,True
S0591,Male,2230,2643,2.2,Shared,True,False,True,False,False
S0592,Male,2054,2589,2.3,Single,True,False,True,True,False
S0593,Female,2423,2990,2.0,Double,True,True,False,True,True
S0594,Male,1664,2121,0.8,Single,False,True,False,True,True
S0595,Female,2083,2404,0.9,Single,True,True,True,True,False
S0596,Male,1817,2458,0.5,Single,True,False,True,False,True
S0597,Female,1259,1605,0.8,Shared,True,False,True,True,False
S0598,Male,2234,2825,0.6,Shared,True,True,False,False,True
S0599,Male,1402,2175,0.9,Shared,True,True,False,True,False
S0600,Male,1570,2297,1.2,Double,True,True,True,False,False
S0601,Female,1425,1991,0.8,Double,True,True,True,True,True
S0602,Female,2135,2742,2.0,Shared,False,True,False,True,False
S0603,Male,1342,2100,2.2,Double,True,True,True,False,False
S0604,Female,2097,2664,1.8,Single,True,True,False,False,False
S0605,Male,1332,1818,2.5,Double,True,False,True,True,False
S0606,Female,1770,2461,1.9,Shared,True,False,False,False,False
S0607,Female,2192,2753,1.1,Double,True,True,True,False,True
S0608,Male,1308,2033,0.6,Shared,True,True,False,True,False
S0609,Male,1356,1994,2.0,Double,True,True,False,False,False
S0610,Female,2307,2886,0.5,Single,False,False,True,False,False
S0611,Female,2141,2459,0.6,Shared,True,False,False,True,False
S0612,Female,1996,2545,2.0,Shared,True,False,False,False,False
S0613,Male,2237,2565,1.3,Double,True,True,False,False,False
S0614,Male,1257,1859,0.6,Double,True,False,True,False,False
S0615,Male,2076,2552,2.5,Double,True,False,True,False,False
S0616,Male,1824,2182,1.2,Single,True,True,False,False,False
S0617,Female,1746,2056,1.9,Shared,True,True,False,True,True
S0618,Female,1404,2057,1.9,Double,True,False,False,True,False
S0619,Female,1613,2167,1.8,Single,True,True,True,True,False
S0620,Female,1662,2281,2.0,Single,True,True,False,True,False
S0621,Female,2074,2481,1.2,Single,True,True,False,False,False
S0622,Male,2048,2553,1.0,Shared,True,False,True,True,False
S0623,Male,2381,2936,0.9,Shared,True,True,False,False,False
S0624,Female,2359,3031,1.8,Shared,True,True,True,False,False
S0625,Female,2040,2503,2.2,Single,True,False,True,True,True
S0626,Male,2031,2453,0.7,Single,True,False,True,False,False
S0627,Female,1275,1678,0.8,Single,True,False,True,False,False
S0628,Male,2195,2895,0.5,Single,True,True,True,False,False
S0629,Male,2012,2794,2.2,Single,True,True,True,True,False
S0630,Female,2216,2968,0.7,Shared,True,False,True,False,False
S0631,Male,2066,2477,0.8,Single,True,True,True,False,True
S0632,Female,1431,1893,1.6,Double,True,False,False,False,False
S0633,Female,1831,2141,1.8,Shared,True,False,False,True,False
S0634,Male,1718,2300,1.3,Shared,False,True,False,True,False
S0635,Female,1995,2299,2.3,Double,True,False,True,False,False
S0636,Female,1630,2370,2.3,Double,True,False,False,False,True
S0637,Male,2206,2747,2.0,Double,True,False,False,False,False
S0638,Male,1920,2435,1.7,Shared,True,True,True,True,False
S0639,Female,1478,1779,1.3,Shared,True,True,True,True,False
S0640,Male,2416,3067,1.3,Double,True,False,True,True,False
S0641,Female,1777,2178,0.7,Double,True,False,False,False,False
S0642,Male,2343,2974,1.7,Single,True,False,True,False,True
S0643,Female,2465,2984,1.7,Single,True,True,False,True,False
S0644,Female,2129,2852,1.8,Single,True,True,False,False,False
S0645,Female,1982,2348,1.4,Single,True,False,True,False,False
S0646,Female,1498,1812,1.1,Double,True,True,True,False,False
S0647,Male,1221,1761,0.8,Double,False,True,True,True,False
S0648,Female,1349,1697,1.6,Single,True,True,False,False,False
S0649,Male,1210,1639,1.5,Double,True,True,True,False,False
S0650,Male,1733,2119,1.5,Double,True,True,True,False,True
S0651,Male,1841,2163,2.5,Double,True,False,False,False,False
S0652,Female,2455,3179,2.0,Double,True,True,True,False,False
S0653,Male,2338,3074,2.3,Shared,True,True,True,True,True
S0654,Female,1534,2195,1.4,Single,False,False,True,True,False
S0655,Female,2137,2689,0.7,Shared,True,True,True,False,True
S0656,Male,2241,2962,1.0,Shared,True,True,False,False,False
S0657,Female,1357,1783,2.0,Shared,True,True,True,False,True
S0658,Female,2409,3184,2.4,Double,True,True,False,False,False
S0659,Female,2416,3052,0.5,Single,True,False,True,False,False
S0660,Male,1632,2373,0.6,Shared,True,False,False,False,False
S0661,Male,2016,2446,0.9,Double,True,False,True,False,False
S0662,Male,1446,1898,1.5,Double,True,False,False,False,False
S0663,Male,1952,2514,0.9,Double,True,True,False,False,False
S0664,Female,2457,2852,1.4,Double,True,True,False,False,False
S0665,Male,2214,2783,1.8,Shared,True,True,True,False,False
S0666,Male,1815,2545,1.0,Double,True,True,True,True,True
S0667,Female,2045,2393,1.4,Shared,True,True,True,True,False
S0668,Male,2147,2538,2.1,Double,True,True,False,True,False
S0669,Female,2477,3190,1.0,Single,True,True,False,True,False
S0670,Female,2294,2603,0.5,Single,True,False,True,False,False
S0671,Female,1820,2436,2.1,Shared,True,False,False,True,False
S0672,Male,1476,1783,0.9,Single,True,True,True,False,True
S0673,Male,2092,2823,1.8,Shared,True,True,True,False,True
S0674,Male,1512,2190,1.9,Double,True,False,False,True,False
S0675,Female,1304,1774,0.5,Shared,True,True,True,False,False
S0676,Female,1275,1824,1.3,Shared,True,False,False,False,False
S0677,Male,2281,2590,1.3,Double,True,True,False,False,True
S0678,Female,2118,2775,1.4,Single,True,True,True,True,False
S0679,Female,2433,3169,2.2,Shared,True,False,False,True,False
S0680,Female,2167,2876,2.4,Single,True,True,False,False,True
S0681,Male,1520,2130,1.5,Double,True,True,True,False,False
S0682,Female,1734,2216,1.9,Single,True,False,True,True,False
S0683,Male,1447,2034,0.9,Double,False,False,False,False,False
S0684,Male,2255,2864,1.8,Shared,True,False,False,False,False
S0685,Male,2450,3062,2.1,Single,True,True,True,False,False
S0686,Female,1521,2193,1.1,Double,True,True,False,True,False
S0687,Male,1451,2185,0.9,Double,True,True,False,False,False
S0688,Male,1374,1810,1.2,Double,True,False,True,False,False
S0689,Male,1482,2192,1.4,Double,True,False,True,False,False
S0690,Female,1498,2192,0.5,Shared,True,True,True,False,True
S0691,Male,2005,2693,0.6,Shared,True,True,False,False,False
S0692,Female,2058,2563,2.3,Shared,True,True,False,False,True
S0693,Female,2280,2892,2.3,Shared,True,False,False,False,False
S0694,Female,1907,2661,2.1,Shared,True,True,True,True,False
S0695,Male,2265,2841,1.1,Single,True,True,True,False,True
S0696,Female,1694,2420,2.0,Shared,True,True,False,False,False
S0697,Female,1453,1777,2.0,Single,True,True,True,True,False
S0698,Male,1917,2370,1.1,Shared,True,True,True,False,True
S0699,Male,1939,2471,0.7,Shared,True,True,True,False,True
S0700,Male,2113,2452,1.2,Shared,True,True,False,False,False
S0701,Female,2101,2753,2.4,Double,True,True,True,False,False
S0702,Female,1464,2259,1.9,Shared,True,True,True,False,False
S0703,Female,1443,2051,2.2,Single,True,True,True,True,False
S0704,Female,1821,2271,1.5,Single,True,True,True,False,False
S0705,Male,1574,2293,2.0,Single,True,True,False,False,False
S0706,Female,1891,2591,1.3,Shared,True,True,True,False,False
S0707,Female,1505,2248,2.0,Single,True,False,True,True,False
S0708,Male,2107,2783,1.1,Single,True,False,False,False,False
S0709,Male,2345,2688,0.9,Shared,True,False,False,False,False
S0710,Male,1446,2083,2.4,Single,False,True,True,False,False
S0711,Female,1373,2086,1.6,Double,True,True,False,True,False
S0712,Female,1249,1989,1.6,Double,True,True,True,True,True
S0713,Female,1383,1761,1.1,Double,True,True,False,True,False
S0714,Female,1998,2348,1.1,Double,True,True,False,False,True
S0715,Male,2422,3022,1.0,Shared,True,True,True,True,False
S0716,Female,1334,1881,0.6,Shared,True,False,True,False,False
S0717,Male,2336,2969,2.1,Double,True,True,False,False,False
S0718,Male,1964,2540,2.5,Single,True,True,False,False,True
S0719,Female,2471,2919,1.8,Single,True,False,True,False,False
S0720,Female,1919,2650,1.8,Shared,True,True,True,False,True
S0721,Male,2009,2666,0.7,Single,True,False,False,True,False
S0722,Female,1901,2526,1.0,Shared,True,True,False,True,False
S0723,Female,1232,1999,1.9,Shared,True,False,True,True,True
S0724,Female,2004,2579,0.7,Shared,True,True,False,False,False
S0725,Male,1922,2719,2.1,Shared,True,True,False,False,True
S0726,Female,1958,2737,0.9,Single,True,True,True,False,False
S0727,Male,2456,3076,1.1,Shared,True,False,False,True,False
S0728,Male,1214,1614,2.5,Shared,True,False,False,False,False
S0729,Male,1333,1934,0.8,Single,True,False,False,False,False
S0730,Female,1592,2326,1.9,Shared,True,False,False,False,True
S0731,Female,1306,2043,2.4,Double,True,True,True,False,False
S0732,Male,1659,1983,1.1,Double,True,True,True,True,False
S0733,Male,1662,2462,1.9,Single,True,True,True,True,False
S0734,Male,2182,2703,2.1,Shared,True,False,False,True,False
S0735,Female,1311,2031,1.2,Single,True,False,False,False,False
S0736,Male,1375,2173,0.6,Single,True,False,False,False,True
S0737,Female,1312,1766,1.7,Double,True,False,False,True,False
S0738,Male,2464,3149,1.3,Shared,True,False,True,False,False
S0739,Male,1895,2528,2.4,Single,True,True,True,True,False
S0740,Male,2414,3118,2.2,Shared,True,True,True,False,False
S0741,Male,1697,2067,2.1,Single,True,True,True,False,False
S0742,Male,1501,2041,1.1,Double,True,False,True,False,True
S0743,Male,2238,2957,2.2,Single,True,True,True,False,False
S0744,Female,1587,2228,1.5,Shared,False,True,True,False,False
S0745,Female,2057,2525,0.8,Double,True,False,True,False,False
S0746,Male,2155,2774,0.9,Double,True,False,True,False,False
S0747,Male,1213,1698,0.5,Double,True,True,True,True,False
S0748,Female,1289,2088,0.6,Single,True,True,True,True,False
S0749,Male,1565,1965,0.5,Double,True,True,False,True,False
S0750,Male,1893,2672,0.9,Double,True,False,False,False,False
S0751,Female,1333,1693,0.8,Single,True,True,True,True,False
S0752,Male,1294,1984,1.7,Single,True,True,True,True,False
S0753,Female,1458,2193,1.5,Shared,True,True,True,False,False
S0754,Male,1542,2102,1.3,Shared,True,True,True,True,False
S0755,Female,2213,2755,1.0,Double,True,False,False,True,False
S0756,Female,1680,2182,0.9,Double,True,True,False,True,False
S0757,Male,1372,1823,1.4,Double,True,True,True,True,False
S0758,Female,2037,2525,2.1,Double,True,True,True,True,True
S0759,Male,1803,2534,1.5,Shared,True,False,False,True,True
S0760,Male,2318,2720,1.2,Shared,True,True,False,False,False
S0761,Male,2312,3079,1.0,Double,True,True,False,False,False
S0762,Male,2166,2800,1.5,Single,True,True,False,True,False
S0763,Female,2144,2618,2.1,Double,True,True,False,False,False
S0764,Male,1967,2338,1.7,Single,True,False,True,False,False
S0765,Male,2058,2575,1.9,Double,True,False,True,False,False
S0766,Male,1484,1862,2.5,Double,True,False,False,False,False
S0767,Female,1618,2403,1.3,Shared,True,True,True,False,False
S0768,Female,1390,1777,0.7,Shared,True,False,False,True,True
S0769,Female,1781,2186,1.0,Shared,True,True,True,True,False
S0770,Female,2000,2380,2.5,Single,True,True,True,False,False
S0771,Male,1621,2079,1.4,Shared,True,True,False,True,False
S0772,Female,1764,2167,0.5,Single,True,False,False,True,False
S0773,Female,2142,2678,1.7,Shared,True,False,False,True,False
S0774,Female,2000,2613,2.1,Single,True,True,False,False,False
S0775,Male,2364,2712,1.3,Single,True,False,True,False,False
S0776,Male,1644,2409,1.5,Shared,True,True,False,False,False
S0777,Female,2123,2507,1.0,Shared,True,True,False,False,False
S0778,Female,2017,2755,0.9,Single,True,True,False,True,False
S0779,Female,2144,2478,0.7,Shared,True,False,True,False,False
S0780,Male,1236,1846,0.7,Double,True,False,True,False,True
S0781,Female,1514,2039,1.2,Single,True,False,True,False,True
S0782,Male,1999,2652,1.1,Single,True,True,True,True,False
S0783,Male,1609,1955,0.5,Single,False,True,True,False,False
S0784,Male,1543,2213,0.8,Double,True,False,True,False,False
S0785,Female,2076,2437,1.0,Single,True,True,True,True,False
S0786,Female,1650,1983,1.8,Double,True,True,True,True,False
S0787,Female,1408,2072,1.6,Shared,True,False,False,False,False
S0788,Male,1880,2269,1.8,Shared,True,False,True,True,False
S0789,Female,1983,2544,1.8,Single,True,False,True,True,False
S0790,Male,1832,2253,2.0,Single,True,True,True,True,True
S0791,Male,1277,1698,2.3,Shared,False,True,False,True,False
S0792,Male,2266,2971,2.5,Shared,True,False,True,False,False
S0793,Male,2304,2631,2.3,Shared,False,False,False,True,False
S0794,Female,1575,2101,1.8,Single,True,True,True,False,True
S0795,Male,1457,1803,0.8,Shared,True,False,True,True,False
S0796,Female,1536,2205,0.9,Double,True,True,True,False,False
S0797,Female,2185,2525,2.4,Double,True,True,True,False,False
S0798,Male,2187,2497,2.0,Double,True,False,False,False,True
S0799,Male,1726,2220,1.4,Double,True,True,True,True,False
S0800,Male,1516,2285,0.9,Single,True,False,True,False,False
